bytes,encryption,decryption
16,0.000003,0.000005
32,0.000003,0.000005
48,0.000006,0.000011
64,0.000006,0.000010
80,0.000006,0.000012
96,0.000006,0.000013
112,0.000008,0.000017
128,0.000009,0.000018
144,0.000011,0.000024
160,0.000010,0.000019
176,0.000011,0.000022
192,0.000011,0.000022
208,0.000025,0.000025
224,0.000012,0.000026
240,0.000022,0.000038
